stationnames,linename,lon,lat
富锦路,地铁1号线(富锦路-莘庄),121.42001197737257,31.39407815119172
友谊西路,地铁1号线(富锦路-莘庄),121.42335122582087,31.382957629137486
宝安公路,地铁1号线(富锦路-莘庄),121.42628965526123,31.371680039785065
共富新村,地铁1号线(富锦路-莘庄),121.4294616044448,31.356866412833142
呼兰路,地铁1号线(富锦路-莘庄),121.43310747987196,31.341553447554283
通河新村,地铁1号线(富锦路-莘庄),121.436928222904,31.332912780055825
共康路,地铁1号线(富锦路-莘庄),121.4424467135747,31.320856838499626
彭浦新村,地铁1号线(富锦路-莘庄),121.44409222144392,31.308467802003857
汶水路,地铁1号线(富锦路-莘庄),121.44554511296896,31.294521946927127
上海马戏城,地铁1号线(富锦路-莘庄),121.44750500177919,31.28142271502295
延长路,地铁1号线(富锦路-莘庄),121.45088832522472,31.273688898052004
中山北路,地铁1号线(富锦路-莘庄),121.45459575307713,31.26097018742221
上海火车站,地铁1号线(富锦路-莘庄),121.45134662497871,31.249252480810924
汉中路,地铁1号线(富锦路-莘庄),121.45397645386093,31.24359457371127
新闸路,地铁1号线(富锦路-莘庄),121.4637517629793,31.240586195331716
人民广场,地铁1号线(富锦路-莘庄),121.47063544949978,31.234938109246567
黄陂南路,地铁1号线(富锦路-莘庄),121.46874002480317,31.224755507253285
陕西南路,地铁1号线(富锦路-莘庄),121.45564009860006,31.21922548450731
常熟路,地铁1号线(富锦路-莘庄),121.4467056913956,31.21552026777441
衡山路,地铁1号线(富锦路-莘庄),121.44214620549006,31.20688239224145
徐家汇,地铁1号线(富锦路-莘庄),121.43372952077296,31.194665740632892
上海体育馆,地铁1号线(富锦路-莘庄),121.43182335702305,31.18388290258479
漕宝路,地铁1号线(富锦路-莘庄),121.43029467459823,31.17028964964568
上海南站,地铁1号线(富锦路-莘庄),121.42521918125507,31.15677611560311
锦江乐园,地铁1号线(富锦路-莘庄),121.40952720905494,31.143868394429962
莲花路,地铁1号线(富锦路-莘庄),121.39814802332572,31.13275059364296
外环路,地铁1号线(富锦路-莘庄),121.38839023279871,31.122824737234648
莘庄,地铁1号线(富锦路-莘庄),121.38111623835272,31.112981979578
莘庄,地铁1号线(莘庄-富锦路),121.38111623835272,31.112981979578
外环路,地铁1号线(莘庄-富锦路),121.38839023279871,31.122824737234648
莲花路,地铁1号线(莘庄-富锦路),121.39814802332572,31.13275059364296
锦江乐园,地铁1号线(莘庄-富锦路),121.40952720905494,31.143868394429962
上海南站,地铁1号线(莘庄-富锦路),121.42521918125507,31.15677611560311
漕宝路,地铁1号线(莘庄-富锦路),121.43029467459823,31.17028964964568
上海体育馆,地铁1号线(莘庄-富锦路),121.43182335702305,31.18388290258479
徐家汇,地铁1号线(莘庄-富锦路),121.43372952077296,31.194665740632892
衡山路,地铁1号线(莘庄-富锦路),121.44214620549006,31.20688239224145
常熟路,地铁1号线(莘庄-富锦路),121.4467056913956,31.21552026777441
陕西南路,地铁1号线(莘庄-富锦路),121.45564009860006,31.21922548450731
黄陂南路,地铁1号线(莘庄-富锦路),121.46874002480317,31.224755507253285
人民广场,地铁1号线(莘庄-富锦路),121.47063544949978,31.234938109246567
新闸路,地铁1号线(莘庄-富锦路),121.4637517629793,31.240586195331716
汉中路,地铁1号线(莘庄-富锦路),121.45397645386093,31.24359457371127
上海火车站,地铁1号线(莘庄-富锦路),121.45134662497871,31.249252480810924
中山北路,地铁1号线(莘庄-富锦路),121.45459575307713,31.26097018742221
延长路,地铁1号线(莘庄-富锦路),121.45088832522472,31.273688898052004
上海马戏城,地铁1号线(莘庄-富锦路),121.44750500177919,31.28142271502295
汶水路,地铁1号线(莘庄-富锦路),121.44554511296896,31.294521946927127
彭浦新村,地铁1号线(莘庄-富锦路),121.44409222144392,31.308467802003857
共康路,地铁1号线(莘庄-富锦路),121.4424467135747,31.320856838499626
通河新村,地铁1号线(莘庄-富锦路),121.436928222904,31.332912780055825
呼兰路,地铁1号线(莘庄-富锦路),121.43310747987196,31.341553447554283
共富新村,地铁1号线(莘庄-富锦路),121.4294616044448,31.356866412833142
宝安公路,地铁1号线(莘庄-富锦路),121.42628965526123,31.371680039785065
友谊西路,地铁1号线(莘庄-富锦路),121.42335122582087,31.382957629137486
富锦路,地铁1号线(莘庄-富锦路),121.42001197737257,31.39407815119172
徐泾东,地铁2号线(徐泾东-浦东国际机场),121.29487927379664,31.19026886327993
虹桥火车站,地铁2号线(徐泾东-浦东国际机场),121.31698004097382,31.19592455947813
虹桥2号航站楼,地铁2号线(徐泾东-浦东国际机场),121.32172604372542,31.19659605124147
淞虹路,地铁2号线(徐泾东-浦东国际机场),121.35484187218569,31.220001080800422
北新泾,地铁2号线(徐泾东-浦东国际机场),121.36940501710458,31.218305848849862
威宁路,地铁2号线(徐泾东-浦东国际机场),121.38242696981457,31.216666701571704
娄山关路,地铁2号线(徐泾东-浦东国际机场),121.39963073146214,31.21290652542745
中山公园,地铁2号线(徐泾东-浦东国际机场),121.41373564273864,31.22041076094213
江苏路,地铁2号线(徐泾东-浦东国际机场),121.4278857845281,31.221726714144122
静安寺,地铁2号线(徐泾东-浦东国际机场),121.44167858157878,31.22508411208896
南京西路,地铁2号线(徐泾东-浦东国际机场),121.45550746198595,31.23176643260941
人民广场,地铁2号线(徐泾东-浦东国际机场),121.46821242833369,31.23477693550272
南京东路,地铁2号线(徐泾东-浦东国际机场),121.47924428412828,31.23911535220653
陆家嘴,地铁2号线(徐泾东-浦东国际机场),121.49794977948895,31.240191163422505
东昌路,地铁2号线(徐泾东-浦东国际机场),121.51103796264,31.23538865645536
世纪大道,地铁2号线(徐泾东-浦东国际机场),121.52256449772648,31.23100111534736
上海科技馆,地铁2号线(徐泾东-浦东国际机场),121.54058926688705,31.22069337516232
世纪公园,地铁2号线(徐泾东-浦东国际机场),121.5466810635746,31.21147339791956
龙阳路,地铁2号线(徐泾东-浦东国际机场),121.55315410718144,31.20524621882207
张江高科,地铁2号线(徐泾东-浦东国际机场),121.58349951749912,31.20395598048356
金科路,地铁2号线(徐泾东-浦东国际机场),121.5977989899922,31.20636119514668
广兰路,地铁2号线(徐泾东-浦东国际机场),121.61697087791599,31.21308703855244
唐镇,地铁2号线(徐泾东-浦东国际机场),121.6519603736814,31.21643919587955
创新中路,地铁2号线(徐泾东-浦东国际机场),121.66947937207657,31.21564637885325
华夏东路,地铁2号线(徐泾东-浦东国际机场),121.67661293740723,31.198740900586728
川沙,地铁2号线(徐泾东-浦东国际机场),121.69373207022477,31.188757992937546
凌空路,地铁2号线(徐泾东-浦东国际机场),121.71974883887869,31.194859707038606
远东大道,地铁2号线(徐泾东-浦东国际机场),121.75109526861247,31.20142231923046
海天三路,地铁2号线(徐泾东-浦东国际机场),121.79262732526396,31.17059448437195
浦东国际机场,地铁2号线(徐泾东-浦东国际机场),121.80240290384077,31.151620958018466
新江湾城,地铁10号线(新江湾城-虹桥火车站),121.5021751410441,31.330789692342496
殷高东路,地铁10号线(新江湾城-虹桥火车站),121.50255892045165,31.323880574911836
三门路,地铁10号线(新江湾城-虹桥火车站),121.50360047101069,31.315134753722944
江湾体育场,地铁10号线(新江湾城-虹桥火车站),121.50969205437626,31.30504889283296
五角场,地铁10号线(新江湾城-虹桥火车站),121.5102569388246,31.30010468797861
国权路,地铁10号线(新江湾城-虹桥火车站),121.50580660602509,31.291376267954487
同济大学,地铁10号线(新江湾城-虹桥火车站),121.50206747269928,31.284577528844896
四平路,地铁10号线(新江湾城-虹桥火车站),121.49700435873925,31.276943044058065
邮电新村,地铁10号线(新江湾城-虹桥火车站),121.489822152937,31.270522310162953
海伦路,地铁10号线(新江湾城-虹桥火车站),121.48422026540928,31.26129204310376
四川北路,地铁10号线(新江湾城-虹桥火车站),121.47971268041323,31.253939587029944
天潼路,地铁10号线(新江湾城-虹桥火车站),121.47767315290058,31.24647455877888
南京东路,地铁10号线(新江湾城-虹桥火车站),121.48005813859892,31.240368502358432
豫园,地铁10号线(新江湾城-虹桥火车站),121.48283033758119,31.23027093044076
老西门,地铁10号线(新江湾城-虹桥火车站),121.47931185443552,31.221073985044608
新天地,地铁10号线(新江湾城-虹桥火车站),121.47075586345952,31.218294750858874
陕西南路,地铁10号线(新江湾城-虹桥火车站),121.45345799010008,31.21667610356292
上海图书馆,地铁10号线(新江湾城-虹桥火车站),121.43975165303726,31.209966368989658
交通大学,地铁10号线(新江湾城-虹桥火车站),121.42952631930164,31.20372474691698
虹桥路,地铁10号线(新江湾城-虹桥火车站),121.41767616931179,31.198490043241854
宋园路,地铁10号线(新江湾城-虹桥火车站),121.40731820626036,31.19832432977877
伊犁路,地铁10号线(新江湾城-虹桥火车站),121.39940058732157,31.20097434412085
水城路,地铁10号线(新江湾城-虹桥火车站),121.38754188867226,31.201298680700077
龙溪路,地铁10号线(新江湾城-虹桥火车站),121.3755174497979,31.19627515675488
上海动物园,地铁10号线(新江湾城-虹桥火车站),121.36370573239333,31.192146075730466
虹桥1号航站楼,地铁10号线(新江湾城-虹桥火车站),121.34262979861285,31.193463603446432
虹桥2号航站楼,地铁10号线(新江湾城-虹桥火车站),121.32178992197157,31.195847291773795
虹桥火车站,地铁10号线(新江湾城-虹桥火车站),121.31698547115084,31.195872702920212
浦东国际机场,地铁2号线(浦东国际机场-徐泾东),121.80240290384077,31.151620958018466
海天三路,地铁2号线(浦东国际机场-徐泾东),121.79262732526396,31.17059448437195
远东大道,地铁2号线(浦东国际机场-徐泾东),121.75109526861247,31.20142231923046
凌空路,地铁2号线(浦东国际机场-徐泾东),121.71974883887869,31.194859707038606
川沙,地铁2号线(浦东国际机场-徐泾东),121.69373207022477,31.188757992937546
华夏东路,地铁2号线(浦东国际机场-徐泾东),121.67661293740723,31.198740900586728
创新中路,地铁2号线(浦东国际机场-徐泾东),121.66947937207657,31.21564637885325
唐镇,地铁2号线(浦东国际机场-徐泾东),121.6519603736814,31.21643919587955
广兰路,地铁2号线(浦东国际机场-徐泾东),121.61697087791599,31.21308703855244
金科路,地铁2号线(浦东国际机场-徐泾东),121.5977989899922,31.20636119514668
张江高科,地铁2号线(浦东国际机场-徐泾东),121.58349951749912,31.20395598048356
龙阳路,地铁2号线(浦东国际机场-徐泾东),121.55315410718144,31.20524621882207
世纪公园,地铁2号线(浦东国际机场-徐泾东),121.5466810635746,31.21147339791956
上海科技馆,地铁2号线(浦东国际机场-徐泾东),121.54058926688705,31.22069337516232
世纪大道,地铁2号线(浦东国际机场-徐泾东),121.52256449772648,31.23100111534736
东昌路,地铁2号线(浦东国际机场-徐泾东),121.51103796264,31.23538865645536
陆家嘴,地铁2号线(浦东国际机场-徐泾东),121.49794977948895,31.240191163422505
南京东路,地铁2号线(浦东国际机场-徐泾东),121.47924428412828,31.23911535220653
人民广场,地铁2号线(浦东国际机场-徐泾东),121.46821242833369,31.23477693550272
南京西路,地铁2号线(浦东国际机场-徐泾东),121.45550746198595,31.23176643260941
静安寺,地铁2号线(浦东国际机场-徐泾东),121.44167858157878,31.22508411208896
江苏路,地铁2号线(浦东国际机场-徐泾东),121.4278857845281,31.221726714144122
中山公园,地铁2号线(浦东国际机场-徐泾东),121.41373564273864,31.22041076094213
娄山关路,地铁2号线(浦东国际机场-徐泾东),121.39963073146214,31.21290652542745
威宁路,地铁2号线(浦东国际机场-徐泾东),121.38242696981457,31.216666701571704
北新泾,地铁2号线(浦东国际机场-徐泾东),121.36940501710458,31.218305848849862
淞虹路,地铁2号线(浦东国际机场-徐泾东),121.35484187218569,31.220001080800422
虹桥2号航站楼,地铁2号线(浦东国际机场-徐泾东),121.32172604372542,31.19659605124147
虹桥火车站,地铁2号线(浦东国际机场-徐泾东),121.31698004097382,31.19592455947813
徐泾东,地铁2号线(浦东国际机场-徐泾东),121.29487927379664,31.19026886327993
虹桥火车站,地铁10号线(虹桥火车站-新江湾城),121.31698547115084,31.195872702920212
虹桥2号航站楼,地铁10号线(虹桥火车站-新江湾城),121.32178992197157,31.195847291773795
虹桥1号航站楼,地铁10号线(虹桥火车站-新江湾城),121.34262979861285,31.193463603446432
上海动物园,地铁10号线(虹桥火车站-新江湾城),121.36370573239333,31.192146075730466
龙溪路,地铁10号线(虹桥火车站-新江湾城),121.3755174497979,31.19627515675488
水城路,地铁10号线(虹桥火车站-新江湾城),121.38754188867226,31.201298680700077
伊犁路,地铁10号线(虹桥火车站-新江湾城),121.39940058732157,31.20097434412085
宋园路,地铁10号线(虹桥火车站-新江湾城),121.40731820626036,31.19832432977877
虹桥路,地铁10号线(虹桥火车站-新江湾城),121.41767616931179,31.198490043241854
交通大学,地铁10号线(虹桥火车站-新江湾城),121.42952631930164,31.20372474691698
上海图书馆,地铁10号线(虹桥火车站-新江湾城),121.43975165303726,31.209966368989658
陕西南路,地铁10号线(虹桥火车站-新江湾城),121.45345799010008,31.21667610356292
新天地,地铁10号线(虹桥火车站-新江湾城),121.47075586345952,31.218294750858874
老西门,地铁10号线(虹桥火车站-新江湾城),121.47931185443552,31.221073985044608
豫园,地铁10号线(虹桥火车站-新江湾城),121.48283033758119,31.23027093044076
南京东路,地铁10号线(虹桥火车站-新江湾城),121.48005813859892,31.240368502358432
天潼路,地铁10号线(虹桥火车站-新江湾城),121.47767315290058,31.24647455877888
四川北路,地铁10号线(虹桥火车站-新江湾城),121.47971268041323,31.253939587029944
海伦路,地铁10号线(虹桥火车站-新江湾城),121.48422026540928,31.26129204310376
邮电新村,地铁10号线(虹桥火车站-新江湾城),121.489822152937,31.270522310162953
四平路,地铁10号线(虹桥火车站-新江湾城),121.49700435873925,31.276943044058065
同济大学,地铁10号线(虹桥火车站-新江湾城),121.50206747269928,31.284577528844896
国权路,地铁10号线(虹桥火车站-新江湾城),121.50580660602509,31.291376267954487
五角场,地铁10号线(虹桥火车站-新江湾城),121.5102569388246,31.30010468797861
江湾体育场,地铁10号线(虹桥火车站-新江湾城),121.50969205437626,31.30504889283296
三门路,地铁10号线(虹桥火车站-新江湾城),121.50360047101069,31.315134753722944
殷高东路,地铁10号线(虹桥火车站-新江湾城),121.50255892045165,31.323880574911836
新江湾城,地铁10号线(虹桥火车站-新江湾城),121.5021751410441,31.330789692342496
江杨北路,地铁3号线(江杨北路-上海南站),121.43521938856243,31.40967456972207
铁力路,地铁3号线(江杨北路-上海南站),121.45682616047694,31.409999541306448
友谊路,地铁3号线(江杨北路-上海南站),121.47134349789759,31.406037600039237
宝杨路,地铁3号线(江杨北路-上海南站),121.47507674394518,31.39736354072145
水产路,地铁3号线(江杨北路-上海南站),121.48363914804142,31.38331485006464
淞滨路,地铁3号线(江杨北路-上海南站),121.48832085497106,31.37284262955783
张华浜,地铁3号线(江杨北路-上海南站),121.49433125386908,31.359810901798053
淞发路,地铁3号线(江杨北路-上海南站),121.4959949662686,31.347109870673105
长江南路,地铁3号线(江杨北路-上海南站),121.48711280575628,31.33412635715084
殷高西路,地铁3号线(江杨北路-上海南站),121.48042117235136,31.321748771935862
江湾镇,地铁3号线(江杨北路-上海南站),121.48069079075636,31.307520474183196
大柏树,地铁3号线(江杨北路-上海南站),121.47871798558658,31.291387582751717
赤峰路,地铁3号线(江杨北路-上海南站),121.47795944040102,31.28313938375795
虹口足球场,地铁3号线(江杨北路-上海南站),121.47460987529377,31.27359150693548
东宝兴路,地铁3号线(江杨北路-上海南站),121.47558660889679,31.26187719390625
宝山路,地铁3号线(江杨北路-上海南站),121.47185472145023,31.253450637692666
上海火车站,地铁3号线(江杨北路-上海南站),121.45372643331402,31.25160775167172
中潭路,地铁3号线(江杨北路-上海南站),121.43644217058086,31.256424824661842
镇坪路,地铁3号线(江杨北路-上海南站),121.42514754106442,31.248207850486914
曹杨路,地铁3号线(江杨北路-上海南站),121.41322366591196,31.24117205825925
金沙江路,地铁3号线(江杨北路-上海南站),121.40860980059394,31.23414265268504
中山公园,地铁3号线(江杨北路-上海南站),121.41108953874573,31.2199405725263
延安西路,地铁3号线(江杨北路-上海南站),121.4124581726931,31.21148710552621
虹桥路,地铁3号线(江杨北路-上海南站),121.41624585762226,31.19916822056313
宜山路,地铁3号线(江杨北路-上海南站),121.42269762044405,31.18819926470648
漕溪路,地铁3号线(江杨北路-上海南站),121.433738221966,31.178510081815766
龙漕路,地铁3号线(江杨北路-上海南站),121.43984743816351,31.171358938768957
石龙路,地铁3号线(江杨北路-上海南站),121.43863708528887,31.15985661484627
上海南站,地铁3号线(江杨北路-上海南站),121.42611438612052,31.15522392722447
上海南站,地铁3号线(上海南站-江杨北路),121.42611438612052,31.15522392722447
石龙路,地铁3号线(上海南站-江杨北路),121.43863708528887,31.15985661484627
龙漕路,地铁3号线(上海南站-江杨北路),121.43984743816351,31.171358938768957
漕溪路,地铁3号线(上海南站-江杨北路),121.433738221966,31.178510081815766
宜山路,地铁3号线(上海南站-江杨北路),121.42269762044405,31.18819926470648
虹桥路,地铁3号线(上海南站-江杨北路),121.41624585762226,31.19916822056313
延安西路,地铁3号线(上海南站-江杨北路),121.4124581726931,31.21148710552621
中山公园,地铁3号线(上海南站-江杨北路),121.41108953874573,31.2199405725263
金沙江路,地铁3号线(上海南站-江杨北路),121.40860980059394,31.23414265268504
曹杨路,地铁3号线(上海南站-江杨北路),121.41322366591196,31.24117205825925
镇坪路,地铁3号线(上海南站-江杨北路),121.42514754106442,31.248207850486914
中潭路,地铁3号线(上海南站-江杨北路),121.43644217058086,31.256424824661842
上海火车站,地铁3号线(上海南站-江杨北路),121.45372643331402,31.25160775167172
宝山路,地铁3号线(上海南站-江杨北路),121.47185472145023,31.253450637692666
东宝兴路,地铁3号线(上海南站-江杨北路),121.47558660889679,31.26187719390625
虹口足球场,地铁3号线(上海南站-江杨北路),121.47460987529377,31.27359150693548
赤峰路,地铁3号线(上海南站-江杨北路),121.47795944040102,31.28313938375795
大柏树,地铁3号线(上海南站-江杨北路),121.47871798558658,31.291387582751717
江湾镇,地铁3号线(上海南站-江杨北路),121.48069079075636,31.307520474183196
殷高西路,地铁3号线(上海南站-江杨北路),121.48042117235136,31.321748771935862
长江南路,地铁3号线(上海南站-江杨北路),121.48711280575628,31.33412635715084
淞发路,地铁3号线(上海南站-江杨北路),121.4959949662686,31.347109870673105
张华浜,地铁3号线(上海南站-江杨北路),121.49433125386908,31.359810901798053
淞滨路,地铁3号线(上海南站-江杨北路),121.48832085497106,31.37284262955783
水产路,地铁3号线(上海南站-江杨北路),121.48363914804142,31.38331485006464
宝杨路,地铁3号线(上海南站-江杨北路),121.47507674394518,31.39736354072145
友谊路,地铁3号线(上海南站-江杨北路),121.47134349789759,31.406037600039237
铁力路,地铁3号线(上海南站-江杨北路),121.45682616047694,31.409999541306448
江杨北路,地铁3号线(上海南站-江杨北路),121.43521938856243,31.40967456972207
松江南站,地铁9号线(松江南站-曹路),121.22639920443454,30.987060210865327
醉白池,地铁9号线(松江南站-曹路),121.2247557919795,31.003118454557853
松江体育中心,地铁9号线(松江南站-曹路),121.22616897058948,31.01818946621575
松江新城,地铁9号线(松江南站-曹路),121.226350799084,31.032348949242174
松江大学城,地铁9号线(松江南站-曹路),121.22829192109877,31.056206744549907
洞泾,地铁9号线(松江南站-曹路),121.22611214806558,31.08649171026643
佘山,地铁9号线(松江南站-曹路),121.22531806459601,31.106447312140713
泗泾,地铁9号线(松江南站-曹路),121.25595077339413,31.120416930756143
九亭,地铁9号线(松江南站-曹路),121.31500532139783,31.139231292526546
中春路,地铁9号线(松江南站-曹路),121.33374727569944,31.15169367641783
七宝,地铁9号线(松江南站-曹路),121.34498139587966,31.15731217495469
星中路,地铁9号线(松江南站-曹路),121.36438874043041,31.160065749391432
合川路,地铁9号线(松江南站-曹路),121.38005244996496,31.168371936923453
漕河泾开发区,地铁9号线(松江南站-曹路),121.39298139926555,31.172308892848147
桂林路,地铁9号线(松江南站-曹路),121.4136099472531,31.176738244195533
宜山路,地铁9号线(松江南站-曹路),121.4230542871249,31.186767503209943
徐家汇,地铁9号线(松江南站-曹路),121.43229956359892,31.197454618069845
肇嘉浜路,地铁9号线(松江南站-曹路),121.44599379950607,31.20129057115306
嘉善路,地铁9号线(松江南站-曹路),121.45619948566738,31.20469519628695
打浦桥,地铁9号线(松江南站-曹路),121.46436457148386,31.20799187538027
马当路,地铁9号线(松江南站-曹路),121.4729104932412,31.211391910612306
陆家浜路,地铁9号线(松江南站-曹路),121.48159054626528,31.21366080123929
小南门,地铁9号线(松江南站-曹路),121.49385017031624,31.219034960400943
商城路,地铁9号线(松江南站-曹路),121.51193609897364,31.232426193938338
世纪大道,地铁9号线(松江南站-曹路),121.52253833051657,31.230963264550056
杨高中路,地铁9号线(松江南站-曹路),121.54443334151014,31.22966527628743
芳甸路,地铁9号线(松江南站-曹路),121.55394462873122,31.23350358071331
蓝天路,地铁9号线(松江南站-曹路),121.57361915481779,31.243140977771315
台儿庄路,地铁9号线(松江南站-曹路),121.59361948425236,31.254835719401488
金桥,地铁9号线(松江南站-曹路),121.60703207372869,31.262813821755362
金吉路,地铁9号线(松江南站-曹路),121.62431540781351,31.266506355720143
金海路,地铁9号线(松江南站-曹路),121.63467969303728,31.265845545595013
顾唐路,地铁9号线(松江南站-曹路),121.65236354201105,31.26815425925281
民雷路,地铁9号线(松江南站-曹路),121.66390813475857,31.270455780371552
曹路,地铁9号线(松江南站-曹路),121.67873816836818,31.27326284930876
宜山路,地铁4号线(外圈(宜山路-宜山路)),121.42238761303079,31.189219493868627
上海体育馆,地铁4号线(外圈(宜山路-宜山路)),121.43296653772244,31.184804038895077
上海体育场,地铁4号线(外圈(宜山路-宜山路)),121.43925134754022,31.187720495491014
东安路,地铁4号线(外圈(宜山路-宜山路)),121.4503698398462,31.192699273756023
大木桥路,地铁4号线(外圈(宜山路-宜山路)),121.45908067637887,31.196139893371825
鲁班路,地铁4号线(外圈(宜山路-宜山路)),121.4699497950208,31.200984897546874
西藏南路,地铁4号线(外圈(宜山路-宜山路)),121.48501441365177,31.203962196670986
南浦大桥,地铁4号线(外圈(宜山路-宜山路)),121.49532738649212,31.210649968052028
塘桥,地铁4号线(外圈(宜山路-宜山路)),121.51443015829828,31.21168966884305
蓝村路,地铁4号线(外圈(宜山路-宜山路)),121.52364815509638,31.213755986618363
浦电路,地铁4号线(外圈(宜山路-宜山路)),121.52768533316281,31.225078430415724
世纪大道,地铁4号线(外圈(宜山路-宜山路)),121.52259709286604,31.23105398566527
浦东大道,地铁4号线(外圈(宜山路-宜山路)),121.51508472389416,31.24205367972808
杨树浦路,地铁4号线(外圈(宜山路-宜山路)),121.51300761433576,31.253962069442164
大连路,地铁4号线(外圈(宜山路-宜山路)),121.50827043682621,31.260483456954603
临平路,地铁4号线(外圈(宜山路-宜山路)),121.49658104868206,31.2629522765194
海伦路,地铁4号线(外圈(宜山路-宜山路)),121.48526407308479,31.26081693078289
宝山路,地铁4号线(外圈(宜山路-宜山路)),121.47185472145023,31.253450637692666
上海火车站,地铁4号线(外圈(宜山路-宜山路)),121.45372679157343,31.25160698651591
中潭路,地铁4号线(外圈(宜山路-宜山路)),121.43644217058086,31.256424824661842
镇坪路,地铁4号线(外圈(宜山路-宜山路)),121.42514754106442,31.248207850486914
曹杨路,地铁4号线(外圈(宜山路-宜山路)),121.41322366591196,31.24117205825925
金沙江路,地铁4号线(外圈(宜山路-宜山路)),121.40860980059394,31.23414265268504
中山公园,地铁4号线(外圈(宜山路-宜山路)),121.41108953874573,31.2199405725263
延安西路,地铁4号线(外圈(宜山路-宜山路)),121.4124581726931,31.21148710552621
虹桥路,地铁4号线(外圈(宜山路-宜山路)),121.41624585762226,31.19916822056313
东方体育中心,地铁6号线(东方体育中心-港城路),121.4759816830213,31.155544087648288
灵岩南路,地铁6号线(东方体育中心-港城路),121.49077318719584,31.1507590245521
上南路,地铁6号线(东方体育中心-港城路),121.50197548514942,31.151212531028328
华夏西路,地铁6号线(东方体育中心-港城路),121.51032032653869,31.151914797897128
高青路,地铁6号线(东方体育中心-港城路),121.51122579454449,31.16178946020621
东明路,地铁6号线(东方体育中心-港城路),121.50668094369848,31.17467594743163
高科西路,地铁6号线(东方体育中心-港城路),121.50563122200836,31.187755286096078
临沂新村,地铁6号线(东方体育中心-港城路),121.51263098182359,31.195106563935013
上海儿童医学中心,地铁6号线(东方体育中心-港城路),121.51917638573477,31.205176888109694
蓝村路,地铁6号线(东方体育中心-港城路),121.52340749913614,31.213789725447484
浦电路,地铁6号线(东方体育中心-港城路),121.52460565386477,31.222172619643363
世纪大道,地铁6号线(东方体育中心-港城路),121.52295575905762,31.230820788211087
源深体育中心,地铁6号线(东方体育中心-港城路),121.5303900704108,31.235106963001385
民生路,地铁6号线(东方体育中心-港城路),121.53918124641041,31.23801073311457
北洋泾路,地铁6号线(东方体育中心-港城路),121.54853662981022,31.241399342272953
德平路,地铁6号线(东方体育中心-港城路),121.56007378858948,31.247533725659714
云山路,地铁6号线(东方体育中心-港城路),121.56850573795136,31.25256835848981
金桥路,地铁6号线(东方体育中心-港城路),121.57766037391436,31.25930919744349
博兴路,地铁6号线(东方体育中心-港城路),121.58272341978686,31.26618518803448
五莲路,地铁6号线(东方体育中心-港城路),121.5838521523902,31.27415474809893
巨峰路,地铁6号线(东方体育中心-港城路),121.58430345034128,31.282644649616635
东靖路,地铁6号线(东方体育中心-港城路),121.58470032032301,31.29280570859353
五洲大道,地铁6号线(东方体育中心-港城路),121.58519678808676,31.304784489328902
洲海路,地铁6号线(东方体育中心-港城路),121.58522191052838,31.31446839068812
外高桥保税区南站,地铁6号线(东方体育中心-港城路),121.59777507455263,31.323838443484586
航津路,地铁6号线(东方体育中心-港城路),121.5897938586306,31.337536710221038
外高桥保税区北站,地铁6号线(东方体育中心-港城路),121.58274800462772,31.349944912249605
港城路,地铁6号线(东方体育中心-港城路),121.57062879209192,31.355138091657352
宜山路,地铁4号线(内圈(宜山路-宜山路)),121.42238761303079,31.189219493868627
虹桥路,地铁4号线(内圈(宜山路-宜山路)),121.41624585762226,31.19916822056313
延安西路,地铁4号线(内圈(宜山路-宜山路)),121.4124581726931,31.21148710552621
中山公园,地铁4号线(内圈(宜山路-宜山路)),121.41108953874573,31.2199405725263
金沙江路,地铁4号线(内圈(宜山路-宜山路)),121.40860980059394,31.23414265268504
曹杨路,地铁4号线(内圈(宜山路-宜山路)),121.41322366591196,31.24117205825925
镇坪路,地铁4号线(内圈(宜山路-宜山路)),121.42514754106442,31.248207850486914
中潭路,地铁4号线(内圈(宜山路-宜山路)),121.43644217058086,31.256424824661842
上海火车站,地铁4号线(内圈(宜山路-宜山路)),121.45372679157343,31.25160698651591
宝山路,地铁4号线(内圈(宜山路-宜山路)),121.47185472145023,31.253450637692666
海伦路,地铁4号线(内圈(宜山路-宜山路)),121.48526407308479,31.26081693078289
临平路,地铁4号线(内圈(宜山路-宜山路)),121.49658104868206,31.2629522765194
大连路,地铁4号线(内圈(宜山路-宜山路)),121.50827043682621,31.260483456954603
杨树浦路,地铁4号线(内圈(宜山路-宜山路)),121.51300761433576,31.253962069442164
浦东大道,地铁4号线(内圈(宜山路-宜山路)),121.51508472389416,31.24205367972808
世纪大道,地铁4号线(内圈(宜山路-宜山路)),121.52259709286604,31.23105398566527
浦电路,地铁4号线(内圈(宜山路-宜山路)),121.52768533316281,31.225078430415724
蓝村路,地铁4号线(内圈(宜山路-宜山路)),121.52364815509638,31.213755986618363
塘桥,地铁4号线(内圈(宜山路-宜山路)),121.51443015829828,31.21168966884305
南浦大桥,地铁4号线(内圈(宜山路-宜山路)),121.49532738649212,31.210649968052028
西藏南路,地铁4号线(内圈(宜山路-宜山路)),121.48501441365177,31.203962196670986
鲁班路,地铁4号线(内圈(宜山路-宜山路)),121.4699497950208,31.200984897546874
大木桥路,地铁4号线(内圈(宜山路-宜山路)),121.45908067637887,31.196139893371825
东安路,地铁4号线(内圈(宜山路-宜山路)),121.4503698398462,31.192699273756023
上海体育场,地铁4号线(内圈(宜山路-宜山路)),121.43925134754022,31.187720495491014
上海体育馆,地铁4号线(内圈(宜山路-宜山路)),121.43296653772244,31.184804038895077
曹路,地铁9号线(曹路-松江南站),121.67873816836818,31.27326284930876
民雷路,地铁9号线(曹路-松江南站),121.66390813475857,31.270455780371552
顾唐路,地铁9号线(曹路-松江南站),121.65236354201105,31.26815425925281
金海路,地铁9号线(曹路-松江南站),121.63467969303728,31.265845545595013
金吉路,地铁9号线(曹路-松江南站),121.62431540781351,31.266506355720143
金桥,地铁9号线(曹路-松江南站),121.60703207372869,31.262813821755362
台儿庄路,地铁9号线(曹路-松江南站),121.59361948425236,31.254835719401488
蓝天路,地铁9号线(曹路-松江南站),121.57361915481779,31.243140977771315
芳甸路,地铁9号线(曹路-松江南站),121.55394462873122,31.23350358071331
杨高中路,地铁9号线(曹路-松江南站),121.54443334151014,31.22966527628743
世纪大道,地铁9号线(曹路-松江南站),121.52253833051657,31.230963264550056
商城路,地铁9号线(曹路-松江南站),121.51193609897364,31.232426193938338
小南门,地铁9号线(曹路-松江南站),121.49385017031624,31.219034960400943
陆家浜路,地铁9号线(曹路-松江南站),121.48159054626528,31.21366080123929
马当路,地铁9号线(曹路-松江南站),121.4729104932412,31.211391910612306
打浦桥,地铁9号线(曹路-松江南站),121.46436457148386,31.20799187538027
嘉善路,地铁9号线(曹路-松江南站),121.45619948566738,31.20469519628695
肇嘉浜路,地铁9号线(曹路-松江南站),121.44599379950607,31.20129057115306
徐家汇,地铁9号线(曹路-松江南站),121.43229956359892,31.197454618069845
宜山路,地铁9号线(曹路-松江南站),121.4230542871249,31.186767503209943
桂林路,地铁9号线(曹路-松江南站),121.4136099472531,31.176738244195533
漕河泾开发区,地铁9号线(曹路-松江南站),121.39298139926555,31.172308892848147
合川路,地铁9号线(曹路-松江南站),121.38005244996496,31.168371936923453
星中路,地铁9号线(曹路-松江南站),121.36438874043041,31.160065749391432
七宝,地铁9号线(曹路-松江南站),121.34498139587966,31.15731217495469
中春路,地铁9号线(曹路-松江南站),121.33374727569944,31.15169367641783
九亭,地铁9号线(曹路-松江南站),121.31500532139783,31.139231292526546
泗泾,地铁9号线(曹路-松江南站),121.25595077339413,31.120416930756143
佘山,地铁9号线(曹路-松江南站),121.22531806459601,31.106447312140713
洞泾,地铁9号线(曹路-松江南站),121.22611214806558,31.08649171026643
松江大学城,地铁9号线(曹路-松江南站),121.22829192109877,31.056206744549907
松江新城,地铁9号线(曹路-松江南站),121.226350799084,31.032348949242174
松江体育中心,地铁9号线(曹路-松江南站),121.22616897058948,31.01818946621575
醉白池,地铁9号线(曹路-松江南站),121.2247557919795,31.003118454557853
松江南站,地铁9号线(曹路-松江南站),121.22639920443454,30.987060210865327
港城路,地铁6号线(港城路-东方体育中心),121.57062879209192,31.355138091657352
外高桥保税区北站,地铁6号线(港城路-东方体育中心),121.58274800462772,31.349944912249605
航津路,地铁6号线(港城路-东方体育中心),121.5897938586306,31.337536710221038
外高桥保税区南站,地铁6号线(港城路-东方体育中心),121.59777507455263,31.323838443484586
洲海路,地铁6号线(港城路-东方体育中心),121.58522191052838,31.31446839068812
五洲大道,地铁6号线(港城路-东方体育中心),121.58519678808676,31.304784489328902
东靖路,地铁6号线(港城路-东方体育中心),121.58470032032301,31.29280570859353
巨峰路,地铁6号线(港城路-东方体育中心),121.58430345034128,31.282644649616635
五莲路,地铁6号线(港城路-东方体育中心),121.5838521523902,31.27415474809893
博兴路,地铁6号线(港城路-东方体育中心),121.58272341978686,31.26618518803448
金桥路,地铁6号线(港城路-东方体育中心),121.57766037391436,31.25930919744349
云山路,地铁6号线(港城路-东方体育中心),121.56850573795136,31.25256835848981
德平路,地铁6号线(港城路-东方体育中心),121.56007378858948,31.247533725659714
北洋泾路,地铁6号线(港城路-东方体育中心),121.54853662981022,31.241399342272953
民生路,地铁6号线(港城路-东方体育中心),121.53918124641041,31.23801073311457
源深体育中心,地铁6号线(港城路-东方体育中心),121.5303900704108,31.235106963001385
世纪大道,地铁6号线(港城路-东方体育中心),121.52295575905762,31.230820788211087
浦电路,地铁6号线(港城路-东方体育中心),121.52460565386477,31.222172619643363
蓝村路,地铁6号线(港城路-东方体育中心),121.52340749913614,31.213789725447484
上海儿童医学中心,地铁6号线(港城路-东方体育中心),121.51917638573477,31.205176888109694
临沂新村,地铁6号线(港城路-东方体育中心),121.51263098182359,31.195106563935013
高科西路,地铁6号线(港城路-东方体育中心),121.50563122200836,31.187755286096078
东明路,地铁6号线(港城路-东方体育中心),121.50668094369848,31.17467594743163
高青路,地铁6号线(港城路-东方体育中心),121.51122579454449,31.16178946020621
华夏西路,地铁6号线(港城路-东方体育中心),121.51032032653869,31.151914797897128
上南路,地铁6号线(港城路-东方体育中心),121.50197548514942,31.151212531028328
灵岩南路,地铁6号线(港城路-东方体育中心),121.49077318719584,31.1507590245521
东方体育中心,地铁6号线(港城路-东方体育中心),121.4759816830213,31.155544087648288
莘庄,地铁5号线(莘庄-奉贤新城),121.38077115320809,31.11325196632817
春申路,地铁5号线(莘庄-奉贤新城),121.38109403277048,31.100210644665946
银都路,地铁5号线(莘庄-奉贤新城),121.38564747606615,31.09130345362995
颛桥,地铁5号线(莘庄-奉贤新城),121.39727235770029,31.06891559140017
北桥,地铁5号线(莘庄-奉贤新城),121.40537045269495,31.04707322588695
剑川路,地铁5号线(莘庄-奉贤新城),121.41188228750765,31.028401209304857
东川路,地铁5号线(莘庄-奉贤新城),121.41524888440806,31.020241188616282
江川路,地铁5号线(莘庄-奉贤新城),121.41881923947727,31.007464888787137
西渡,地铁5号线(莘庄-奉贤新城),121.42787195548094,30.991263556014644
萧塘,地铁5号线(莘庄-奉贤新城),121.43739720091487,30.96791639714025
奉浦大道,地铁5号线(莘庄-奉贤新城),121.44474793787847,30.94384260172888
环城东路,地铁5号线(莘庄-奉贤新城),121.45910341308485,30.93310432391157
望园路,地铁5号线(莘庄-奉贤新城),121.47928820709095,30.93409383641793
金海湖,地铁5号线(莘庄-奉贤新城),121.48804496588718,30.931112288579488
奉贤新城,地铁5号线(莘庄-奉贤新城),121.49176627759321,30.916374748191927
奉贤新城,地铁5号线(奉贤新城-莘庄),121.49176627759321,30.916374748191927
金海湖,地铁5号线(奉贤新城-莘庄),121.48804496588718,30.931112288579488
望园路,地铁5号线(奉贤新城-莘庄),121.47928820709095,30.93409383641793
环城东路,地铁5号线(奉贤新城-莘庄),121.45910341308485,30.93310432391157
奉浦大道,地铁5号线(奉贤新城-莘庄),121.44474793787847,30.94384260172888
萧塘,地铁5号线(奉贤新城-莘庄),121.43739720091487,30.96791639714025
西渡,地铁5号线(奉贤新城-莘庄),121.42787195548094,30.991263556014644
江川路,地铁5号线(奉贤新城-莘庄),121.41881923947727,31.007464888787137
东川路,地铁5号线(奉贤新城-莘庄),121.41524888440806,31.020241188616282
剑川路,地铁5号线(奉贤新城-莘庄),121.41188228750765,31.028401209304857
北桥,地铁5号线(奉贤新城-莘庄),121.40537045269495,31.04707322588695
颛桥,地铁5号线(奉贤新城-莘庄),121.39727235770029,31.06891559140017
银都路,地铁5号线(奉贤新城-莘庄),121.38564747606615,31.09130345362995
春申路,地铁5号线(奉贤新城-莘庄),121.38109403277048,31.100210644665946
莘庄,地铁5号线(奉贤新城-莘庄),121.38077115320809,31.11325196632817
东川路,地铁5号线支线(东川路-闵行开发区),121.41524888440806,31.020241188616282
金平路,地铁5号线支线(东川路-闵行开发区),121.40540784807324,31.013123694392327
华宁路,地铁5号线支线(东川路-闵行开发区),121.39055862798484,31.009323076973228
文井路,地铁5号线支线(东川路-闵行开发区),121.37620898886064,31.005502964939947
闵行开发区,地铁5号线支线(东川路-闵行开发区),121.36530535479945,31.002563610010338
闵行开发区,地铁5号线支线(闵行开发区-东川路),121.36530535479945,31.002563610010338
文井路,地铁5号线支线(闵行开发区-东川路),121.37620898886064,31.005502964939947
华宁路,地铁5号线支线(闵行开发区-东川路),121.39055862798484,31.009323076973228
金平路,地铁5号线支线(闵行开发区-东川路),121.40540784807324,31.013123694392327
东川路,地铁5号线支线(闵行开发区-东川路),121.41524888440806,31.020241188616282
美兰湖,地铁7号线(美兰湖-花木路),121.34533835861332,31.403679305912465
罗南新村,地铁7号线(美兰湖-花木路),121.35289990690315,31.39046664808369
潘广路,地铁7号线(美兰湖-花木路),121.35113670042351,31.36612685358308
刘行,地铁7号线(美兰湖-花木路),121.35768848571112,31.3594589473713
顾村公园,地铁7号线(美兰湖-花木路),121.36837582882794,31.346419243369073
祁华路,地铁7号线(美兰湖-花木路),121.3689292964629,31.324265687167074
上海大学,地铁7号线(美兰湖-花木路),121.38405690758877,31.32238645537037
南陈路,地铁7号线(美兰湖-花木路),121.39401129561114,31.323223597947567
上大路,地铁7号线(美兰湖-花木路),121.40361331497006,31.317292048592076
场中路,地铁7号线(美兰湖-花木路),121.40903943884928,31.30570415234887
大场镇,地铁7号线(美兰湖-花木路),121.41184570793295,31.29540689377169
行知路,地铁7号线(美兰湖-花木路),121.41698551371452,31.28684203279706
大华三路,地铁7号线(美兰湖-花木路),121.41841607530264,31.275786131415416
新村路,地铁7号线(美兰湖-花木路),121.41795111497585,31.265764974351047
岚皋路,地铁7号线(美兰湖-花木路),121.4172472405364,31.258202890641407
镇坪路,地铁7号线(美兰湖-花木路),121.42711082820459,31.248614077499337
长寿路,地铁7号线(美兰湖-花木路),121.433698478293,31.241748450885744
昌平路,地铁7号线(美兰湖-花木路),121.43800471430905,31.23566670657638
静安寺,地铁7号线(美兰湖-花木路),121.4440662608974,31.224805173450857
常熟路,地铁7号线(美兰湖-花木路),121.44450793802383,31.215560419343372
肇嘉浜路,地铁7号线(美兰湖-花木路),121.44590901200459,31.20079658401461
东安路,地铁7号线(美兰湖-花木路),121.44993658263382,31.193216245730838
龙华中路,地铁7号线(美兰湖-花木路),121.45260164960293,31.18661017844836
后滩,地铁7号线(美兰湖-花木路),121.469018225484,31.17392608232026
长清路,地铁7号线(美兰湖-花木路),121.4816179163442,31.176612522532874
耀华路,地铁7号线(美兰湖-花木路),121.49017598337505,31.18047714665133
云台路,地铁7号线(美兰湖-花木路),121.49592063747193,31.18419066605721
高科西路,地铁7号线(美兰湖-花木路),121.5055575976943,31.18782885384272
杨高南路,地铁7号线(美兰湖-花木路),121.52105366063574,31.189549790738692
锦绣路,地铁7号线(美兰湖-花木路),121.53581834238159,31.18961889998437
芳华路,地铁7号线(美兰湖-花木路),121.5458417775058,31.19526150800955
龙阳路,地铁7号线(美兰湖-花木路),121.5533763460433,31.205756344827176
花木路,地铁7号线(美兰湖-花木路),121.55857090566843,31.213390817501093
花木路,地铁7号线(花木路-美兰湖),121.55857090566843,31.213390817501093
龙阳路,地铁7号线(花木路-美兰湖),121.5533763460433,31.205756344827176
芳华路,地铁7号线(花木路-美兰湖),121.5458417775058,31.19526150800955
锦绣路,地铁7号线(花木路-美兰湖),121.53581834238159,31.18961889998437
杨高南路,地铁7号线(花木路-美兰湖),121.52105366063574,31.189549790738692
高科西路,地铁7号线(花木路-美兰湖),121.5055575976943,31.18782885384272
云台路,地铁7号线(花木路-美兰湖),121.49592063747193,31.18419066605721
耀华路,地铁7号线(花木路-美兰湖),121.49017598337505,31.18047714665133
长清路,地铁7号线(花木路-美兰湖),121.4816179163442,31.176612522532874
后滩,地铁7号线(花木路-美兰湖),121.469018225484,31.17392608232026
龙华中路,地铁7号线(花木路-美兰湖),121.45260164960293,31.18661017844836
东安路,地铁7号线(花木路-美兰湖),121.44993658263382,31.193216245730838
肇嘉浜路,地铁7号线(花木路-美兰湖),121.44590901200459,31.20079658401461
常熟路,地铁7号线(花木路-美兰湖),121.44450793802383,31.215560419343372
静安寺,地铁7号线(花木路-美兰湖),121.4440662608974,31.224805173450857
昌平路,地铁7号线(花木路-美兰湖),121.43800471430905,31.23566670657638
长寿路,地铁7号线(花木路-美兰湖),121.433698478293,31.241748450885744
镇坪路,地铁7号线(花木路-美兰湖),121.42711082820459,31.248614077499337
岚皋路,地铁7号线(花木路-美兰湖),121.4172472405364,31.258202890641407
新村路,地铁7号线(花木路-美兰湖),121.41795111497585,31.265764974351047
大华三路,地铁7号线(花木路-美兰湖),121.41841607530264,31.275786131415416
行知路,地铁7号线(花木路-美兰湖),121.41698551371452,31.28684203279706
大场镇,地铁7号线(花木路-美兰湖),121.41184570793295,31.29540689377169
场中路,地铁7号线(花木路-美兰湖),121.40903943884928,31.30570415234887
上大路,地铁7号线(花木路-美兰湖),121.40361331497006,31.317292048592076
南陈路,地铁7号线(花木路-美兰湖),121.39401129561114,31.323223597947567
上海大学,地铁7号线(花木路-美兰湖),121.38405690758877,31.32238645537037
祁华路,地铁7号线(花木路-美兰湖),121.3689292964629,31.324265687167074
顾村公园,地铁7号线(花木路-美兰湖),121.36837582882794,31.346419243369073
刘行,地铁7号线(花木路-美兰湖),121.35768848571112,31.3594589473713
潘广路,地铁7号线(花木路-美兰湖),121.35113670042351,31.36612685358308
罗南新村,地铁7号线(花木路-美兰湖),121.35289990690315,31.39046664808369
美兰湖,地铁7号线(花木路-美兰湖),121.34533835861332,31.403679305912465
沈杜公路,地铁8号线(沈杜公路-市光路),121.5079991406917,31.0635111631312
联航路,地铁8号线(沈杜公路-市光路),121.50626008706436,31.07569529252757
江月路,地铁8号线(沈杜公路-市光路),121.5042326979684,31.086432071397773
浦江镇,地铁8号线(沈杜公路-市光路),121.50193842767958,31.098652871629373
芦恒路,地铁8号线(沈杜公路-市光路),121.49372907201176,31.12120389430201
凌兆新村,地铁8号线(沈杜公路-市光路),121.48511967173508,31.14328697650291
东方体育中心,地铁8号线(沈杜公路-市光路),121.4759816830213,31.155544087648288
杨思,地铁8号线(沈杜公路-市光路),121.48927072484535,31.16309340040773
成山路,地铁8号线(沈杜公路-市光路),121.49187129154684,31.172447378841053
耀华路,地铁8号线(沈杜公路-市光路),121.49009936823678,31.18064956797248
中华艺术宫,地铁8号线(沈杜公路-市光路),121.48925836225493,31.18730517340077
西藏南路,地铁8号线(沈杜公路-市光路),121.48504715026588,31.20403900337709
陆家浜路,地铁8号线(沈杜公路-市光路),121.48167054731077,31.21362786500256
老西门,地铁8号线(沈杜公路-市光路),121.47841877984396,31.220872859296552
大世界,地铁8号线(沈杜公路-市光路),121.47481767492849,31.2292542522224
人民广场,地铁8号线(沈杜公路-市光路),121.47103380437395,31.234740040911397
曲阜路,地铁8号线(沈杜公路-市光路),121.46696208759157,31.244225438129554
中兴路,地铁8号线(沈杜公路-市光路),121.46436945804165,31.25493213534093
西藏北路,地铁8号线(沈杜公路-市光路),121.46421788996359,31.26529116670204
虹口足球场,地铁8号线(沈杜公路-市光路),121.47492041471723,31.271897893702484
曲阳路,地铁8号线(沈杜公路-市光路),121.4862960079485,31.278454064262682
四平路,地铁8号线(沈杜公路-市光路),121.4970736504504,31.27684232731268
鞍山新村,地铁8号线(沈杜公路-市光路),121.50521988643557,31.275319728716468
江浦路,地铁8号线(沈杜公路-市光路),121.51389351580566,31.277083990284137
黄兴路,地铁8号线(沈杜公路-市光路),121.52409693409126,31.28083722777821
延吉中路,地铁8号线(沈杜公路-市光路),121.53063197012621,31.29072945749777
黄兴公园,地铁8号线(沈杜公路-市光路),121.52889393633951,31.29780604605755
翔殷路,地铁8号线(沈杜公路-市光路),121.52766859298201,31.307068707412487
嫩江路,地铁8号线(沈杜公路-市光路),121.52774662382687,31.316960365296694
市光路,地铁8号线(沈杜公路-市光路),121.52770636555269,31.32454887263011
市光路,地铁8号线(市光路-沈杜公路),121.52770636555269,31.32454887263011
嫩江路,地铁8号线(市光路-沈杜公路),121.52774662382687,31.316960365296694
翔殷路,地铁8号线(市光路-沈杜公路),121.52766859298201,31.307068707412487
黄兴公园,地铁8号线(市光路-沈杜公路),121.52889393633951,31.29780604605755
延吉中路,地铁8号线(市光路-沈杜公路),121.53063197012621,31.29072945749777
黄兴路,地铁8号线(市光路-沈杜公路),121.52409693409126,31.28083722777821
江浦路,地铁8号线(市光路-沈杜公路),121.51389351580566,31.277083990284137
鞍山新村,地铁8号线(市光路-沈杜公路),121.50521988643557,31.275319728716468
四平路,地铁8号线(市光路-沈杜公路),121.4970736504504,31.27684232731268
曲阳路,地铁8号线(市光路-沈杜公路),121.4862960079485,31.278454064262682
虹口足球场,地铁8号线(市光路-沈杜公路),121.47492041471723,31.271897893702484
西藏北路,地铁8号线(市光路-沈杜公路),121.46421788996359,31.26529116670204
中兴路,地铁8号线(市光路-沈杜公路),121.46436945804165,31.25493213534093
曲阜路,地铁8号线(市光路-沈杜公路),121.46696208759157,31.244225438129554
人民广场,地铁8号线(市光路-沈杜公路),121.47103380437395,31.234740040911397
大世界,地铁8号线(市光路-沈杜公路),121.47481767492849,31.2292542522224
老西门,地铁8号线(市光路-沈杜公路),121.47841877984396,31.220872859296552
陆家浜路,地铁8号线(市光路-沈杜公路),121.48167054731077,31.21362786500256
西藏南路,地铁8号线(市光路-沈杜公路),121.48504715026588,31.20403900337709
中华艺术宫,地铁8号线(市光路-沈杜公路),121.48925836225493,31.18730517340077
耀华路,地铁8号线(市光路-沈杜公路),121.49009936823678,31.18064956797248
成山路,地铁8号线(市光路-沈杜公路),121.49187129154684,31.172447378841053
杨思,地铁8号线(市光路-沈杜公路),121.48927072484535,31.16309340040773
东方体育中心,地铁8号线(市光路-沈杜公路),121.4759816830213,31.155544087648288
凌兆新村,地铁8号线(市光路-沈杜公路),121.48511967173508,31.14328697650291
芦恒路,地铁8号线(市光路-沈杜公路),121.49372907201176,31.12120389430201
浦江镇,地铁8号线(市光路-沈杜公路),121.50193842767958,31.098652871629373
江月路,地铁8号线(市光路-沈杜公路),121.5042326979684,31.086432071397773
联航路,地铁8号线(市光路-沈杜公路),121.50626008706436,31.07569529252757
沈杜公路,地铁8号线(市光路-沈杜公路),121.5079991406917,31.0635111631312
航中路,地铁10号线(航中路-新江湾城),121.35034954165577,31.16735491029436
紫藤路,地铁10号线(航中路-新江湾城),121.35981193469013,31.171681445587982
龙柏新村,地铁10号线(航中路-新江湾城),121.36574151569107,31.179499867783807
龙溪路,地铁10号线(航中路-新江湾城),121.3755174497979,31.19627515675488
水城路,地铁10号线(航中路-新江湾城),121.38754188867226,31.201298680700077
伊犁路,地铁10号线(航中路-新江湾城),121.39940058732157,31.20097434412085
宋园路,地铁10号线(航中路-新江湾城),121.40731820626036,31.19832432977877
虹桥路,地铁10号线(航中路-新江湾城),121.41767616931179,31.198490043241854
交通大学,地铁10号线(航中路-新江湾城),121.42952631930164,31.20372474691698
上海图书馆,地铁10号线(航中路-新江湾城),121.43975165303726,31.209966368989658
陕西南路,地铁10号线(航中路-新江湾城),121.45345799010008,31.21667610356292
新天地,地铁10号线(航中路-新江湾城),121.47075586345952,31.218294750858874
老西门,地铁10号线(航中路-新江湾城),121.47931185443552,31.221073985044608
豫园,地铁10号线(航中路-新江湾城),121.48283033758119,31.23027093044076
南京东路,地铁10号线(航中路-新江湾城),121.48005813859892,31.240368502358432
天潼路,地铁10号线(航中路-新江湾城),121.47767315290058,31.24647455877888
四川北路,地铁10号线(航中路-新江湾城),121.47971268041323,31.253939587029944
海伦路,地铁10号线(航中路-新江湾城),121.48422026540928,31.26129204310376
邮电新村,地铁10号线(航中路-新江湾城),121.489822152937,31.270522310162953
四平路,地铁10号线(航中路-新江湾城),121.49700435873925,31.276943044058065
同济大学,地铁10号线(航中路-新江湾城),121.50206747269928,31.284577528844896
国权路,地铁10号线(航中路-新江湾城),121.50580660602509,31.291376267954487
五角场,地铁10号线(航中路-新江湾城),121.5102569388246,31.30010468797861
江湾体育场,地铁10号线(航中路-新江湾城),121.50969205437626,31.30504889283296
三门路,地铁10号线(航中路-新江湾城),121.50360047101069,31.315134753722944
殷高东路,地铁10号线(航中路-新江湾城),121.50255892045165,31.323880574911836
新江湾城,地铁10号线(航中路-新江湾城),121.5021751410441,31.330789692342496
金海路,地铁12号线(金海路-七莘路),121.63441999002458,31.265306833749232
申江路,地铁12号线(金海路-七莘路),121.62300326124412,31.28236111244494
金京路,地铁12号线(金海路-七莘路),121.61142043788776,31.28194716215577
杨高北路,地铁12号线(金海路-七莘路),121.59868061949824,31.282228330654522
巨峰路,地铁12号线(金海路-七莘路),121.58539162579876,31.282336334748567
东陆路,地铁12号线(金海路-七莘路),121.57513244226548,31.284614305152346
复兴岛,地铁12号线(金海路-七莘路),121.55689190433516,31.282904309161676
爱国路,地铁12号线(金海路-七莘路),121.54876581917831,31.28215240546471
隆昌路,地铁12号线(金海路-七莘路),121.5401217107599,31.277223970938856
宁国路,地铁12号线(金海路-七莘路),121.5281104774798,31.270568627559342
江浦公园,地铁12号线(金海路-七莘路),121.51936326515518,31.266535737440986
大连路,地铁12号线(金海路-七莘路),121.50866072174273,31.26009218419515
提篮桥,地铁12号线(金海路-七莘路),121.50227625631213,31.255509453600396
国际客运中心,地铁12号线(金海路-七莘路),121.49381324857958,31.25220051279766
天潼路,地铁12号线(金海路-七莘路),121.47780520889955,31.24583816292245
曲阜路,地铁12号线(金海路-七莘路),121.4670009365658,31.24426208271911
汉中路,地铁12号线(金海路-七莘路),121.45437894037052,31.242559026653005
南京西路,地铁12号线(金海路-七莘路),121.45489584347784,31.229840500615172
陕西南路,地铁12号线(金海路-七莘路),121.45461645170872,31.218004350201024
嘉善路,地铁12号线(金海路-七莘路),121.45646722626915,31.2040451495452
大木桥路,地铁12号线(金海路-七莘路),121.45922106113424,31.195937902547946
龙华中路,地铁12号线(金海路-七莘路),121.45209451862331,31.186658667245243
龙华,地铁12号线(金海路-七莘路),121.44818745823478,31.176204587402754
龙漕路,地铁12号线(金海路-七莘路),121.4390349817864,31.172127167996067
漕宝路,地铁12号线(金海路-七莘路),121.42861602764117,31.170480176397056
桂林公园,地铁12号线(金海路-七莘路),121.41401419508698,31.16875707938241
虹漕路,地铁12号线(金海路-七莘路),121.40590848366678,31.166055475422343
虹梅路,地铁12号线(金海路-七莘路),121.3927470433218,31.162170466615216
东兰路,地铁12号线(金海路-七莘路),121.38733877164157,31.157600856937666
顾戴路,地铁12号线(金海路-七莘路),121.3877328017978,31.142840831972922
虹莘路,地铁12号线(金海路-七莘路),121.37474295048307,31.139198634905053
七莘路,地铁12号线(金海路-七莘路),121.35853083648097,31.13376928747834
七莘路,地铁12号线(七莘路-金海路),121.35853083648097,31.13376928747834
虹莘路,地铁12号线(七莘路-金海路),121.37474295048307,31.139198634905053
顾戴路,地铁12号线(七莘路-金海路),121.3877328017978,31.142840831972922
东兰路,地铁12号线(七莘路-金海路),121.38733877164157,31.157600856937666
虹梅路,地铁12号线(七莘路-金海路),121.3927470433218,31.162170466615216
虹漕路,地铁12号线(七莘路-金海路),121.40590848366678,31.166055475422343
桂林公园,地铁12号线(七莘路-金海路),121.41401419508698,31.16875707938241
漕宝路,地铁12号线(七莘路-金海路),121.42861602764117,31.170480176397056
龙漕路,地铁12号线(七莘路-金海路),121.4390349817864,31.172127167996067
龙华,地铁12号线(七莘路-金海路),121.44818745823478,31.176204587402754
龙华中路,地铁12号线(七莘路-金海路),121.45209451862331,31.186658667245243
大木桥路,地铁12号线(七莘路-金海路),121.45922106113424,31.195937902547946
嘉善路,地铁12号线(七莘路-金海路),121.45646722626915,31.2040451495452
陕西南路,地铁12号线(七莘路-金海路),121.45461645170872,31.218004350201024
南京西路,地铁12号线(七莘路-金海路),121.45489584347784,31.229840500615172
汉中路,地铁12号线(七莘路-金海路),121.45437894037052,31.242559026653005
曲阜路,地铁12号线(七莘路-金海路),121.4670009365658,31.24426208271911
天潼路,地铁12号线(七莘路-金海路),121.47780520889955,31.24583816292245
国际客运中心,地铁12号线(七莘路-金海路),121.49381324857958,31.25220051279766
提篮桥,地铁12号线(七莘路-金海路),121.50227625631213,31.255509453600396
大连路,地铁12号线(七莘路-金海路),121.50866072174273,31.26009218419515
江浦公园,地铁12号线(七莘路-金海路),121.51936326515518,31.266535737440986
宁国路,地铁12号线(七莘路-金海路),121.5281104774798,31.270568627559342
隆昌路,地铁12号线(七莘路-金海路),121.5401217107599,31.277223970938856
爱国路,地铁12号线(七莘路-金海路),121.54876581917831,31.28215240546471
复兴岛,地铁12号线(七莘路-金海路),121.55689190433516,31.282904309161676
东陆路,地铁12号线(七莘路-金海路),121.57513244226548,31.284614305152346
巨峰路,地铁12号线(七莘路-金海路),121.58539162579876,31.282336334748567
杨高北路,地铁12号线(七莘路-金海路),121.59868061949824,31.282228330654522
金京路,地铁12号线(七莘路-金海路),121.61142043788776,31.28194716215577
申江路,地铁12号线(七莘路-金海路),121.62300326124412,31.28236111244494
金海路,地铁12号线(七莘路-金海路),121.63441999002458,31.265306833749232
新江湾城,地铁10号线(新江湾城-航中路),121.5021751410441,31.330789692342496
殷高东路,地铁10号线(新江湾城-航中路),121.50255892045165,31.323880574911836
三门路,地铁10号线(新江湾城-航中路),121.50360047101069,31.315134753722944
江湾体育场,地铁10号线(新江湾城-航中路),121.50969205437626,31.30504889283296
五角场,地铁10号线(新江湾城-航中路),121.5102569388246,31.30010468797861
国权路,地铁10号线(新江湾城-航中路),121.50580660602509,31.291376267954487
同济大学,地铁10号线(新江湾城-航中路),121.50206747269928,31.284577528844896
四平路,地铁10号线(新江湾城-航中路),121.49700435873925,31.276943044058065
邮电新村,地铁10号线(新江湾城-航中路),121.489822152937,31.270522310162953
海伦路,地铁10号线(新江湾城-航中路),121.48422026540928,31.26129204310376
四川北路,地铁10号线(新江湾城-航中路),121.47971268041323,31.253939587029944
天潼路,地铁10号线(新江湾城-航中路),121.47767315290058,31.24647455877888
南京东路,地铁10号线(新江湾城-航中路),121.48005813859892,31.240368502358432
豫园,地铁10号线(新江湾城-航中路),121.48283033758119,31.23027093044076
老西门,地铁10号线(新江湾城-航中路),121.47931185443552,31.221073985044608
新天地,地铁10号线(新江湾城-航中路),121.47075586345952,31.218294750858874
陕西南路,地铁10号线(新江湾城-航中路),121.45345799010008,31.21667610356292
上海图书馆,地铁10号线(新江湾城-航中路),121.43975165303726,31.209966368989658
交通大学,地铁10号线(新江湾城-航中路),121.42952631930164,31.20372474691698
虹桥路,地铁10号线(新江湾城-航中路),121.41767616931179,31.198490043241854
宋园路,地铁10号线(新江湾城-航中路),121.40731820626036,31.19832432977877
伊犁路,地铁10号线(新江湾城-航中路),121.39940058732157,31.20097434412085
水城路,地铁10号线(新江湾城-航中路),121.38754188867226,31.201298680700077
龙溪路,地铁10号线(新江湾城-航中路),121.3755174497979,31.19627515675488
龙柏新村,地铁10号线(新江湾城-航中路),121.36574151569107,31.179499867783807
紫藤路,地铁10号线(新江湾城-航中路),121.35981193469013,31.171681445587982
航中路,地铁10号线(新江湾城-航中路),121.35034954165577,31.16735491029436
迪士尼,地铁11号线(迪士尼-嘉定北),121.66377031658787,31.14344171532484
康新公路,地铁11号线(迪士尼-嘉定北),121.61315475438437,31.13263615326089
秀沿路,地铁11号线(迪士尼-嘉定北),121.59432235507288,31.140351775090128
罗山路,地铁11号线(迪士尼-嘉定北),121.58887700798388,31.155642856317183
御桥,地铁11号线(迪士尼-嘉定北),121.56648381280384,31.16040098148123
浦三路,地铁11号线(迪士尼-嘉定北),121.53480098086806,31.15315261157412
三林东,地铁11号线(迪士尼-嘉定北),121.51880263243744,31.148615696720988
三林,地铁11号线(迪士尼-嘉定北),121.50722238953828,31.145129244798714
东方体育中心,地铁11号线(迪士尼-嘉定北),121.4759816830213,31.155544087648288
龙耀路,地铁11号线(迪士尼-嘉定北),121.45520086426906,31.161730935268405
云锦路,地铁11号线(迪士尼-嘉定北),121.4539224378433,31.168382188033753
龙华,地铁11号线(迪士尼-嘉定北),121.44832283287316,31.174722871894488
上海游泳馆,地铁11号线(迪士尼-嘉定北),121.43694516736888,31.181132157907985
徐家汇,地铁11号线(迪士尼-嘉定北),121.43129211746741,31.19672505267654
交通大学,地铁11号线(迪士尼-嘉定北),121.43036086945169,31.20442615416461
江苏路,地铁11号线(迪士尼-嘉定北),121.42603629950821,31.222264656488672
隆德路,地铁11号线(迪士尼-嘉定北),121.4190699144333,31.23235020681778
曹杨路,地铁11号线(迪士尼-嘉定北),121.41334906712143,31.239552035635967
枫桥路,地铁11号线(迪士尼-嘉定北),121.40637866045608,31.243875186256922
真如,地铁11号线(迪士尼-嘉定北),121.40265961721035,31.252371675157644
上海西站,地铁11号线(迪士尼-嘉定北),121.39624456213512,31.2646176303592
李子园,地铁11号线(迪士尼-嘉定北),121.38538372745506,31.270850725571734
祁连山路,地铁11号线(迪士尼-嘉定北),121.37127921342696,31.273395084271602
武威路,地铁11号线(迪士尼-嘉定北),121.36014463095896,31.27892713670649
桃浦新村,地铁11号线(迪士尼-嘉定北),121.34497865491224,31.283411144688834
南翔,地铁11号线(迪士尼-嘉定北),121.31881991372576,31.298910112884144
马陆,地铁11号线(迪士尼-嘉定北),121.27241893659573,31.32160351532769
嘉定新城,地铁11号线(迪士尼-嘉定北),121.25000514095522,31.33207154070293
白银路,地铁11号线(迪士尼-嘉定北),121.24077949846972,31.34760308653689
嘉定西,地铁11号线(迪士尼-嘉定北),121.22346547191091,31.379152672353676
嘉定北,地铁11号线(迪士尼-嘉定北),121.23304370693278,31.393509952081804
花桥,地铁11号线(花桥-迪士尼),121.09962836865229,31.300552449480904
光明路,地铁11号线(花桥-迪士尼),121.11286133230976,31.29808036141952
兆丰路,地铁11号线(花桥-迪士尼),121.14569545209032,31.290833732219358
安亭,地铁11号线(花桥-迪士尼),121.15753439775094,31.290371645991048
上海汽车城,地铁11号线(花桥-迪士尼),121.176308122582,31.287314082234893
昌吉东路,地铁11号线(花桥-迪士尼),121.19594991631641,31.295530549442397
上海赛车场,地铁11号线(花桥-迪士尼),121.2216891832068,31.3338380538387
嘉定新城,地铁11号线(花桥-迪士尼),121.25000514095522,31.33207154070293
马陆,地铁11号线(花桥-迪士尼),121.27241893659573,31.32160351532769
南翔,地铁11号线(花桥-迪士尼),121.31881991372576,31.298910112884144
桃浦新村,地铁11号线(花桥-迪士尼),121.34497865491224,31.283411144688834
武威路,地铁11号线(花桥-迪士尼),121.36014463095896,31.27892713670649
祁连山路,地铁11号线(花桥-迪士尼),121.37127921342696,31.273395084271602
李子园,地铁11号线(花桥-迪士尼),121.38538372745506,31.270850725571734
上海西站,地铁11号线(花桥-迪士尼),121.39624456213512,31.2646176303592
真如,地铁11号线(花桥-迪士尼),121.40265961721035,31.252371675157644
枫桥路,地铁11号线(花桥-迪士尼),121.40637866045608,31.243875186256922
曹杨路,地铁11号线(花桥-迪士尼),121.41334906712143,31.239552035635967
隆德路,地铁11号线(花桥-迪士尼),121.4190699144333,31.23235020681778
江苏路,地铁11号线(花桥-迪士尼),121.42603629950821,31.222264656488672
交通大学,地铁11号线(花桥-迪士尼),121.43036086945169,31.20442615416461
徐家汇,地铁11号线(花桥-迪士尼),121.43129211746741,31.19672505267654
上海游泳馆,地铁11号线(花桥-迪士尼),121.43694516736888,31.181132157907985
龙华,地铁11号线(花桥-迪士尼),121.44832283287316,31.174722871894488
云锦路,地铁11号线(花桥-迪士尼),121.4539224378433,31.168382188033753
龙耀路,地铁11号线(花桥-迪士尼),121.45520086426906,31.161730935268405
东方体育中心,地铁11号线(花桥-迪士尼),121.4759816830213,31.155544087648288
三林,地铁11号线(花桥-迪士尼),121.50722238953828,31.145129244798714
三林东,地铁11号线(花桥-迪士尼),121.51880263243744,31.148615696720988
浦三路,地铁11号线(花桥-迪士尼),121.53480098086806,31.15315261157412
御桥,地铁11号线(花桥-迪士尼),121.56648381280384,31.16040098148123
罗山路,地铁11号线(花桥-迪士尼),121.58887700798388,31.155642856317183
秀沿路,地铁11号线(花桥-迪士尼),121.59432235507288,31.140351775090128
康新公路,地铁11号线(花桥-迪士尼),121.61315475438437,31.13263615326089
迪士尼,地铁11号线(花桥-迪士尼),121.66377031658787,31.14344171532484
嘉定北,地铁11号线(嘉定北-迪士尼),121.23304370693278,31.393509952081804
嘉定西,地铁11号线(嘉定北-迪士尼),121.22346547191091,31.379152672353676
白银路,地铁11号线(嘉定北-迪士尼),121.24077949846972,31.34760308653689
嘉定新城,地铁11号线(嘉定北-迪士尼),121.25000514095522,31.33207154070293
马陆,地铁11号线(嘉定北-迪士尼),121.27241893659573,31.32160351532769
南翔,地铁11号线(嘉定北-迪士尼),121.31881991372576,31.298910112884144
桃浦新村,地铁11号线(嘉定北-迪士尼),121.34497865491224,31.283411144688834
武威路,地铁11号线(嘉定北-迪士尼),121.36014463095896,31.27892713670649
祁连山路,地铁11号线(嘉定北-迪士尼),121.37127921342696,31.273395084271602
李子园,地铁11号线(嘉定北-迪士尼),121.38538372745506,31.270850725571734
上海西站,地铁11号线(嘉定北-迪士尼),121.39624456213512,31.2646176303592
真如,地铁11号线(嘉定北-迪士尼),121.40265961721035,31.252371675157644
枫桥路,地铁11号线(嘉定北-迪士尼),121.40637866045608,31.243875186256922
曹杨路,地铁11号线(嘉定北-迪士尼),121.41334906712143,31.239552035635967
隆德路,地铁11号线(嘉定北-迪士尼),121.4190699144333,31.23235020681778
江苏路,地铁11号线(嘉定北-迪士尼),121.42603629950821,31.222264656488672
交通大学,地铁11号线(嘉定北-迪士尼),121.43036086945169,31.20442615416461
徐家汇,地铁11号线(嘉定北-迪士尼),121.43129211746741,31.19672505267654
上海游泳馆,地铁11号线(嘉定北-迪士尼),121.43694516736888,31.181132157907985
龙华,地铁11号线(嘉定北-迪士尼),121.44832283287316,31.174722871894488
云锦路,地铁11号线(嘉定北-迪士尼),121.4539224378433,31.168382188033753
龙耀路,地铁11号线(嘉定北-迪士尼),121.45520086426906,31.161730935268405
东方体育中心,地铁11号线(嘉定北-迪士尼),121.4759816830213,31.155544087648288
三林,地铁11号线(嘉定北-迪士尼),121.50722238953828,31.145129244798714
三林东,地铁11号线(嘉定北-迪士尼),121.51880263243744,31.148615696720988
浦三路,地铁11号线(嘉定北-迪士尼),121.53480098086806,31.15315261157412
御桥,地铁11号线(嘉定北-迪士尼),121.56648381280384,31.16040098148123
罗山路,地铁11号线(嘉定北-迪士尼),121.58887700798388,31.155642856317183
秀沿路,地铁11号线(嘉定北-迪士尼),121.59432235507288,31.140351775090128
康新公路,地铁11号线(嘉定北-迪士尼),121.61315475438437,31.13263615326089
迪士尼,地铁11号线(嘉定北-迪士尼),121.66377031658787,31.14344171532484
迪士尼,地铁11号线(迪士尼-花桥),121.66377031658787,31.14344171532484
康新公路,地铁11号线(迪士尼-花桥),121.61315475438437,31.13263615326089
秀沿路,地铁11号线(迪士尼-花桥),121.59432235507288,31.140351775090128
罗山路,地铁11号线(迪士尼-花桥),121.58887700798388,31.155642856317183
御桥,地铁11号线(迪士尼-花桥),121.56648381280384,31.16040098148123
浦三路,地铁11号线(迪士尼-花桥),121.53480098086806,31.15315261157412
三林东,地铁11号线(迪士尼-花桥),121.51880263243744,31.148615696720988
三林,地铁11号线(迪士尼-花桥),121.50722238953828,31.145129244798714
东方体育中心,地铁11号线(迪士尼-花桥),121.4759816830213,31.155544087648288
龙耀路,地铁11号线(迪士尼-花桥),121.45520086426906,31.161730935268405
云锦路,地铁11号线(迪士尼-花桥),121.4539224378433,31.168382188033753
龙华,地铁11号线(迪士尼-花桥),121.44832283287316,31.174722871894488
上海游泳馆,地铁11号线(迪士尼-花桥),121.43694516736888,31.181132157907985
徐家汇,地铁11号线(迪士尼-花桥),121.43129211746741,31.19672505267654
交通大学,地铁11号线(迪士尼-花桥),121.43036086945169,31.20442615416461
江苏路,地铁11号线(迪士尼-花桥),121.42603629950821,31.222264656488672
隆德路,地铁11号线(迪士尼-花桥),121.4190699144333,31.23235020681778
曹杨路,地铁11号线(迪士尼-花桥),121.41334906712143,31.239552035635967
枫桥路,地铁11号线(迪士尼-花桥),121.40637866045608,31.243875186256922
真如,地铁11号线(迪士尼-花桥),121.40265961721035,31.252371675157644
上海西站,地铁11号线(迪士尼-花桥),121.39624456213512,31.2646176303592
李子园,地铁11号线(迪士尼-花桥),121.38538372745506,31.270850725571734
祁连山路,地铁11号线(迪士尼-花桥),121.37127921342696,31.273395084271602
武威路,地铁11号线(迪士尼-花桥),121.36014463095896,31.27892713670649
桃浦新村,地铁11号线(迪士尼-花桥),121.34497865491224,31.283411144688834
南翔,地铁11号线(迪士尼-花桥),121.31881991372576,31.298910112884144
马陆,地铁11号线(迪士尼-花桥),121.27241893659573,31.32160351532769
嘉定新城,地铁11号线(迪士尼-花桥),121.25000514095522,31.33207154070293
上海赛车场,地铁11号线(迪士尼-花桥),121.2216891832068,31.3338380538387
昌吉东路,地铁11号线(迪士尼-花桥),121.19594991631641,31.295530549442397
上海汽车城,地铁11号线(迪士尼-花桥),121.176308122582,31.287314082234893
安亭,地铁11号线(迪士尼-花桥),121.15753439775094,31.290371645991048
兆丰路,地铁11号线(迪士尼-花桥),121.14569545209032,31.290833732219358
光明路,地铁11号线(迪士尼-花桥),121.11286133230976,31.29808036141952
花桥,地铁11号线(迪士尼-花桥),121.09962836865229,31.300552449480904
张江路,地铁13号线(张江路-金运路),121.62473375262545,31.19147515628829
学林路,地铁13号线(张江路-金运路),121.61022489565296,31.185684076493807
中科路,地铁13号线(张江路-金运路),121.59787091956932,31.181074990993533
华夏中路,地铁13号线(张江路-金运路),121.57727936036356,31.17677062343298
莲溪路,地铁13号线(张江路-金运路),121.56218899223093,31.17121551759488
陈春路,地铁13号线(张江路-金运路),121.55340199317702,31.17717612887046
北蔡,地铁13号线(张江路-金运路),121.54810720084272,31.182318146329212
下南路,地铁13号线(张江路-金运路),121.53605310814159,31.18143996245211
华鹏路,地铁13号线(张江路-金运路),121.52227752664913,31.17849160733177
东明路,地铁13号线(张江路-金运路),121.50740038553991,31.174922012549825
成山路,地铁13号线(张江路-金运路),121.49288089217572,31.17358650870968
长清路,地铁13号线(张江路-金运路),121.4835453480238,31.175823170562825
世博大道,地铁13号线(张江路-金运路),121.47990517173751,31.184480111940328
世博会博物馆,地铁13号线(张江路-金运路),121.477470444159,31.198803241426177
马当路,地铁13号线(张江路-金运路),121.47175249858252,31.21203361754837
新天地,地铁13号线(张江路-金运路),121.470376107483,31.21754603818357
淮海中路,地铁13号线(张江路-金运路),121.45963625411177,31.222006139544558
南京西路,地铁13号线(张江路-金运路),121.45780158103632,31.230688690681248
自然博物馆,地铁13号线(张江路-金运路),121.45794577590952,31.23823144592732
汉中路,地铁13号线(张江路-金运路),121.45394687563495,31.24273643209557
江宁路,地铁13号线(张江路-金运路),121.44000214806196,31.24621787482544
长寿路,地铁13号线(张江路-金运路),121.43374545135592,31.242671487903728
武宁路,地铁13号线(张江路-金运路),121.42594526072456,31.236136324352174
隆德路,地铁13号线(张江路-金运路),121.41864447833792,31.232308427252043
金沙江路,地铁13号线(张江路-金运路),121.40784208718051,31.233011609388914
大渡河路,地铁13号线(张江路-金运路),121.3904719102833,31.233620330403266
真北路,地铁13号线(张江路-金运路),121.37763301565901,31.234060394877282
祁连山南路,地铁13号线(张江路-金运路),121.36273301583107,31.23935987237197
丰庄,地铁13号线(张江路-金运路),121.35070734459534,31.24435712368217
金沙江西路,地铁13号线(张江路-金运路),121.3300336253496,31.24295643327272
金运路,地铁13号线(张江路-金运路),121.31508840064134,31.24293847486636
金运路,地铁13号线(金运路-张江路),121.31508840064134,31.24293847486636
金沙江西路,地铁13号线(金运路-张江路),121.3300336253496,31.24295643327272
丰庄,地铁13号线(金运路-张江路),121.35070734459534,31.24435712368217
祁连山南路,地铁13号线(金运路-张江路),121.36273301583107,31.23935987237197
真北路,地铁13号线(金运路-张江路),121.37763301565901,31.234060394877282
大渡河路,地铁13号线(金运路-张江路),121.3904719102833,31.233620330403266
金沙江路,地铁13号线(金运路-张江路),121.40784208718051,31.233011609388914
隆德路,地铁13号线(金运路-张江路),121.41864447833792,31.232308427252043
武宁路,地铁13号线(金运路-张江路),121.42594526072456,31.236136324352174
长寿路,地铁13号线(金运路-张江路),121.43374545135592,31.242671487903728
江宁路,地铁13号线(金运路-张江路),121.44000214806196,31.24621787482544
汉中路,地铁13号线(金运路-张江路),121.45394687563495,31.24273643209557
自然博物馆,地铁13号线(金运路-张江路),121.45794577590952,31.23823144592732
南京西路,地铁13号线(金运路-张江路),121.45780158103632,31.230688690681248
淮海中路,地铁13号线(金运路-张江路),121.45963625411177,31.222006139544558
新天地,地铁13号线(金运路-张江路),121.470376107483,31.21754603818357
马当路,地铁13号线(金运路-张江路),121.47175249858252,31.21203361754837
世博会博物馆,地铁13号线(金运路-张江路),121.477470444159,31.198803241426177
世博大道,地铁13号线(金运路-张江路),121.47990517173751,31.184480111940328
长清路,地铁13号线(金运路-张江路),121.4835453480238,31.175823170562825
成山路,地铁13号线(金运路-张江路),121.49288089217572,31.17358650870968
东明路,地铁13号线(金运路-张江路),121.50740038553991,31.174922012549825
华鹏路,地铁13号线(金运路-张江路),121.52227752664913,31.17849160733177
下南路,地铁13号线(金运路-张江路),121.53605310814159,31.18143996245211
北蔡,地铁13号线(金运路-张江路),121.54810720084272,31.182318146329212
陈春路,地铁13号线(金运路-张江路),121.55340199317702,31.17717612887046
莲溪路,地铁13号线(金运路-张江路),121.56218899223093,31.17121551759488
华夏中路,地铁13号线(金运路-张江路),121.57727936036356,31.17677062343298
中科路,地铁13号线(金运路-张江路),121.59787091956932,31.181074990993533
学林路,地铁13号线(金运路-张江路),121.61022489565296,31.185684076493807
张江路,地铁13号线(金运路-张江路),121.62473375262545,31.19147515628829
龙阳路,地铁16号线(龙阳路-滴水湖),121.55342284678402,31.20416088402647
华夏中路,地铁16号线(龙阳路-滴水湖),121.57898333494984,31.1778997699077
罗山路,地铁16号线(龙阳路-滴水湖),121.5890218251742,31.155674661983102
周浦东,地铁16号线(龙阳路-滴水湖),121.60282535602936,31.112152273387203
鹤沙航城,地铁16号线(龙阳路-滴水湖),121.60707774393371,31.080263685647093
航头东,地铁16号线(龙阳路-滴水湖),121.61334888944144,31.05722521282219
新场,地铁16号线(龙阳路-滴水湖),121.64484311220068,31.04778754446248
野生动物园,地铁16号线(龙阳路-滴水湖),121.69497820106514,31.05243650764111
惠南,地铁16号线(龙阳路-滴水湖),121.7573900188764,31.05589742879377
惠南东,地铁16号线(龙阳路-滴水湖),121.78955510840623,31.028644643067235
书院,地铁16号线(龙阳路-滴水湖),121.8464773754668,30.961623400024198
临港大道,地铁16号线(龙阳路-滴水湖),121.90677465034466,30.925876389592066
滴水湖,地铁16号线(龙阳路-滴水湖),121.92582923159466,30.909291794159852
滴水湖,地铁16号线(滴水湖-龙阳路),121.92582923159466,30.909291794159852
临港大道,地铁16号线(滴水湖-龙阳路),121.90677465034466,30.925876389592066
书院,地铁16号线(滴水湖-龙阳路),121.8464773754668,30.961623400024198
惠南东,地铁16号线(滴水湖-龙阳路),121.78955510840623,31.028644643067235
惠南,地铁16号线(滴水湖-龙阳路),121.7573900188764,31.05589742879377
野生动物园,地铁16号线(滴水湖-龙阳路),121.69497820106514,31.05243650764111
新场,地铁16号线(滴水湖-龙阳路),121.64484311220068,31.04778754446248
航头东,地铁16号线(滴水湖-龙阳路),121.61334888944144,31.05722521282219
鹤沙航城,地铁16号线(滴水湖-龙阳路),121.60707774393371,31.080263685647093
周浦东,地铁16号线(滴水湖-龙阳路),121.60282535602936,31.112152273387203
罗山路,地铁16号线(滴水湖-龙阳路),121.5890218251742,31.155674661983102
华夏中路,地铁16号线(滴水湖-龙阳路),121.57898333494984,31.1778997699077
龙阳路,地铁16号线(滴水湖-龙阳路),121.55342284678402,31.20416088402647
东方绿舟,地铁17号线(东方绿舟-虹桥火车站),121.01518089260419,31.100537654673875
朱家角,地铁17号线(东方绿舟-虹桥火车站),121.04451196062662,31.10249077144041
淀山湖大道,地铁17号线(东方绿舟-虹桥火车站),121.07747197509414,31.136264830465716
漕盈路,地铁17号线(东方绿舟-虹桥火车站),121.09167908313101,31.16228690247536
青浦新城,地铁17号线(东方绿舟-虹桥火车站),121.12075390567787,31.160703251525828
汇金路,地铁17号线(东方绿舟-虹桥火车站),121.14721813436731,31.163166743338014
赵巷,地铁17号线(东方绿舟-虹桥火车站),121.18783102205452,31.163181412786393
嘉松中路,地铁17号线(东方绿舟-虹桥火车站),121.21965094130572,31.166044507497173
徐泾北城,地铁17号线(东方绿舟-虹桥火车站),121.23727573848284,31.17748452596802
徐盈路,地铁17号线(东方绿舟-虹桥火车站),121.24963013668032,31.18036498912332
蟠龙路,地铁17号线(东方绿舟-虹桥火车站),121.27415484089263,31.18872076667067
诸光路,地铁17号线(东方绿舟-虹桥火车站),121.28869795269506,31.193825420367183
虹桥火车站,地铁17号线(东方绿舟-虹桥火车站),121.3169796249037,31.195979422878555
虹桥火车站,地铁17号线(虹桥火车站-东方绿舟),121.3169796249037,31.195979422878555
诸光路,地铁17号线(虹桥火车站-东方绿舟),121.28869795269506,31.193825420367183
蟠龙路,地铁17号线(虹桥火车站-东方绿舟),121.27415484089263,31.18872076667067
徐盈路,地铁17号线(虹桥火车站-东方绿舟),121.24963013668032,31.18036498912332
徐泾北城,地铁17号线(虹桥火车站-东方绿舟),121.23727573848284,31.17748452596802
嘉松中路,地铁17号线(虹桥火车站-东方绿舟),121.21965094130572,31.166044507497173
赵巷,地铁17号线(虹桥火车站-东方绿舟),121.18783102205452,31.163181412786393
汇金路,地铁17号线(虹桥火车站-东方绿舟),121.14721813436731,31.163166743338014
青浦新城,地铁17号线(虹桥火车站-东方绿舟),121.12075390567787,31.160703251525828
漕盈路,地铁17号线(虹桥火车站-东方绿舟),121.09167908313101,31.16228690247536
淀山湖大道,地铁17号线(虹桥火车站-东方绿舟),121.07747197509414,31.136264830465716
朱家角,地铁17号线(虹桥火车站-东方绿舟),121.04451196062662,31.10249077144041
东方绿舟,地铁17号线(虹桥火车站-东方绿舟),121.01518089260419,31.100537654673875
汇臻路,轨道交通浦江线(汇臻路-沈杜公路),121.52033768451582,31.02746432237321
东城一路,轨道交通浦江线(汇臻路-沈杜公路),121.52792546023475,31.03249739569496
浦航路,轨道交通浦江线(汇臻路-沈杜公路),121.52639214895352,31.04328025505232
闵瑞路,轨道交通浦江线(汇臻路-沈杜公路),121.52611191690521,31.050320963279447
三鲁公路,轨道交通浦江线(汇臻路-沈杜公路),121.52321067349285,31.05820654989118
沈杜公路,轨道交通浦江线(汇臻路-沈杜公路),121.5082287743703,31.06355183530239
沈杜公路,轨道交通浦江线(沈杜公路-汇臻路),121.5082287743703,31.06355183530239
三鲁公路,轨道交通浦江线(沈杜公路-汇臻路),121.52321067349285,31.05820654989118
闵瑞路,轨道交通浦江线(沈杜公路-汇臻路),121.52611191690521,31.050320963279447
浦航路,轨道交通浦江线(沈杜公路-汇臻路),121.52639214895352,31.04328025505232
东城一路,轨道交通浦江线(沈杜公路-汇臻路),121.52792546023475,31.03249739569496
汇臻路,轨道交通浦江线(沈杜公路-汇臻路),121.52033768451582,31.02746432237321
